phi,subsystem,etaBefore,etaAfter,X0Before,X0After,deltaX0,deltaLambdaI,topVolume,topVolumeDeltaX0
1.5707963267949,EMCAL,-0.01,-0.005,20.26037854,0.3807325554,-19.87964599,-0.8018098869,CEMC_0_Tower_992,-10.02242041
0,EMCAL,-0.01,-0.005,20.26037854,0.3807325554,-19.87964599,-0.8018098869,CEMC_0_Tower_992,-10.02242041
1.5707963267949,EMCAL,0,0.005,0.3807325554,20.19574097,19.81500841,0.80100193,CEMC_0_Tower_1012,10.17483343
0,EMCAL,0,0.005,0.3807325554,20.19574097,19.81500841,0.80100193,CEMC_0_Tower_1012,10.17483343
1.5707963267949,OHCAL,-0.75,-0.745,17.11527747,32.73215131,15.61687384,1.637997515,av_14_impr_1_OuterHCalChimneySector_Steel_pv_0,15.61765741
1.5707963267949,OHCAL,-0.745,-0.74,32.73215131,44.25075851,11.5186072,1.2080462,av_14_impr_1_OuterHCalChimneySector_Steel_pv_0,11.51938459
1.5707963267949,EMCAL,1.05,1.055,27.03359168,20.31060269,-6.722988988,-0.2612654484,CEMC_0_Tower_1221,-4.963699003
0,EMCAL,1.05,1.055,27.03359168,20.31060269,-6.722988988,-0.2612654484,CEMC_0_Tower_1221,-4.963699003
0,EMCAL,1.035,1.04,20.14943224,26.7374599,6.588027663,0.2756448067,CEMC_0_Tower_1232,6.552979888
1.5707963267949,EMCAL,1.035,1.04,20.14943224,26.7374599,6.588027663,0.2756448067,CEMC_0_Tower_1232,6.552979888
0,EMCAL,-1.09,-1.085,29.61709746,23.20375171,-6.413345748,-0.2551079478,CEMC_0_Tower_762,-6.044001992
1.5707963267949,EMCAL,-1.09,-1.085,29.61709746,23.20375171,-6.413345748,-0.2551079478,CEMC_0_Tower_762,-6.044001992
0,OHCAL,0.74,0.745,44.49618102,38.70823738,-5.787943637,-0.6115705162,av_13_impr_23_OuterHCalSector_Steel_pv_0,-5.779173535
1.5707963267949,OHCAL,0.74,0.745,44.49618102,38.70823738,-5.787943637,-0.6115705162,av_14_impr_1_OuterHCalChimneySector_Steel_pv_0,-5.779173535
0,OHCAL,-0.75,-0.745,38.71812681,44.49618102,5.778054203,0.6056278545,av_13_impr_23_OuterHCalSector_Steel_pv_0,5.779173535
1.5707963267949,EMCAL,-1.045,-1.04,25.59493981,20.114831,-5.480108817,-0.2448992926,CEMC_0_Tower_772,-5.374990386
0,EMCAL,-1.045,-1.04,25.59493981,20.114831,-5.480108817,-0.2448992926,CEMC_0_Tower_772,-5.374990386
0,EMCAL,0.735,0.74,23.38571244,18.04566977,-5.340042676,-0.2250764065,CEMC_0_Tower_1151,-4.546957948
1.5707963267949,EMCAL,0.735,0.74,23.38571244,18.04566977,-5.340042676,-0.2250764065,CEMC_0_Tower_1151,-4.546957948
1.5707963267949,EMCAL,-0.825,-0.82,24.79649588,19.48469399,-5.311801889,-0.1965741865,CEMC_0_Tower_822,-6.444448304
0,EMCAL,-0.825,-0.82,24.79649588,19.48469399,-5.311801889,-0.1965741865,CEMC_0_Tower_822,-6.444448304
1.5707963267949,EMCAL,1.005,1.01,26.82628821,21.66909961,-5.157188607,-0.1811516831,CEMC_0_Tower_1211,-4.362932949
0,EMCAL,1.005,1.01,26.82628821,21.66909961,-5.157188607,-0.1811516831,CEMC_0_Tower_1211,-4.362932949
1.5707963267949,EMCAL,-0.915,-0.91,25.42987695,20.41740796,-5.012468991,-0.1969885297,CEMC_0_Tower_802,-5.825181079
0,EMCAL,-0.915,-0.91,25.42987695,20.41740796,-5.012468991,-0.1969885297,CEMC_0_Tower_802,-5.825181079
1.5707963267949,EMCAL,-0.87,-0.865,24.65596216,19.78454392,-4.871418249,-0.193076662,CEMC_0_Tower_812,-6.358740475
0,EMCAL,-0.87,-0.865,24.65596216,19.78454392,-4.871418249,-0.193076662,CEMC_0_Tower_812,-6.358740475
0,EMCAL,0.99,0.995,19.08263149,23.87815966,4.795528168,0.206385547,CEMC_0_Tower_1222,3.517593035
1.5707963267949,EMCAL,0.99,0.995,19.08263149,23.87815966,4.795528168,0.206385547,CEMC_0_Tower_1222,3.517593035
1.5707963267949,EMCAL,0.96,0.965,25.98152213,21.22893987,-4.752582262,-0.1455052163,CEMC_0_Tower_1201,-5.13552737
0,EMCAL,0.96,0.965,25.98152213,21.22893987,-4.752582262,-0.1455052163,CEMC_0_Tower_1201,-5.13552737
0,EMCAL,-1,-0.995,24.77490925,20.40719696,-4.367712289,-0.1943370251,CEMC_0_Tower_782,-4.510387423
1.5707963267949,EMCAL,-1,-0.995,24.77490925,20.40719696,-4.367712289,-0.1943370251,CEMC_0_Tower_782,-4.510387423
0,EMCAL,0.77,0.775,19.9016941,24.22894735,4.327253249,0.152898748,CEMC_0_Tower_1172,6.686384542
1.5707963267949,EMCAL,0.77,0.775,19.9016941,24.22894735,4.327253249,0.152898748,CEMC_0_Tower_1172,6.686384542
0,EMCAL,-0.685,-0.68,22.57557922,18.33480345,-4.240775774,-0.175720927,CEMC_0_Tower_852,-4.694423722
1.5707963267949,EMCAL,-0.685,-0.68,22.57557922,18.33480345,-4.240775774,-0.175720927,CEMC_0_Tower_852,-4.694423722
0,EMCAL,0.915,0.92,25.83595,21.65299242,-4.182957584,-0.1273683809,CEMC_0_Tower_1191,-5.599243916
1.5707963267949,EMCAL,0.915,0.92,25.83595,21.65299242,-4.182957584,-0.1273683809,CEMC_0_Tower_1191,-5.599243916
1.5707963267949,EMCAL,-0.96,-0.955,26.35994766,22.26380546,-4.096142199,-0.1642649124,CEMC_0_Tower_792,-5.938160771
0,EMCAL,-0.96,-0.955,26.35994766,22.26380546,-4.096142199,-0.1642649124,CEMC_0_Tower_792,-5.938160771
0,EMCAL,-0.79,-0.785,19.88846644,23.98382188,4.095355439,0.1645804354,CEMC_0_Tower_841,4.459018032
1.5707963267949,EMCAL,-0.79,-0.785,19.88846644,23.98382188,4.095355439,0.1645804354,CEMC_0_Tower_841,4.459018032
1.5707963267949,EMCAL,1.095,1.1,24.91023366,20.82720945,-4.083024208,-0.221553906,CEMC_0_Tower_1231,-3.542749613
0,EMCAL,1.095,1.1,24.91023366,20.82720945,-4.083024208,-0.221553906,CEMC_0_Tower_1231,-3.542749613
1.5707963267949,EMCAL,0.87,0.875,25.16912952,21.12332484,-4.045804683,-0.1223388101,CEMC_0_Tower_1181,-5.582882325
0,EMCAL,0.87,0.875,25.16912952,21.12332484,-4.045804683,-0.1223388101,CEMC_0_Tower_1181,-5.582882325
0,EMCAL,0.78,0.785,23.35906106,19.33997169,-4.019089369,-0.1632756335,CEMC_0_Tower_1161,-5.513558495
1.5707963267949,EMCAL,0.78,0.785,23.35906106,19.33997169,-4.019089369,-0.1632756335,CEMC_0_Tower_1161,-5.513558495
1.5707963267949,EMCAL,1.08,1.085,23.26483447,27.20412685,3.939292377,0.1854310717,CEMC_0_Tower_1242,5.861215488
0,EMCAL,1.08,1.085,23.26483447,27.20412685,3.939292377,0.1854310717,CEMC_0_Tower_1242,5.861215488
0,EMCAL,-1.015,-1.01,21.85501874,25.76276854,3.907749803,0.145566813,CEMC_0_Tower_791,5.020909844
1.5707963267949,EMCAL,-1.015,-1.01,21.85501874,25.76276854,3.907749803,0.145566813,CEMC_0_Tower_791,5.020909844
0,EMCAL,0.675,0.68,18.43019422,22.31970326,3.889509043,0.1682259806,CEMC_0_Tower_1152,4.779200559
1.5707963267949,EMCAL,0.675,0.68,18.43019422,22.31970326,3.889509043,0.1682259806,CEMC_0_Tower_1152,4.779200559
1.5707963267949,EMCAL,0.86,0.865,20.97530132,24.83814806,3.862846744,0.1640480675,CEMC_0_Tower_1192,5.512965092
0,EMCAL,0.86,0.865,20.97530132,24.83814806,3.862846744,0.1640480675,CEMC_0_Tower_1192,5.512965092
0,EMCAL,1.09,1.095,28.71305148,24.91023366,-3.802817818,-0.1145698343,CEMC_0_Tower_1231,-4.631855049
1.5707963267949,EMCAL,1.09,1.095,28.71305148,24.91023366,-3.802817818,-0.1145698343,CEMC_0_Tower_1231,-4.631855049
0,EMCAL,-0.605,-0.6,17.88880724,21.65043577,3.761628525,0.1726823172,CEMC_0_Tower_881,3.646611813
1.5707963267949,EMCAL,-0.605,-0.6,17.88880724,21.65043577,3.761628525,0.1726823172,CEMC_0_Tower_881,3.646611813
1.5707963267949,EMCAL,0.825,0.83,24.41352928,20.70348939,-3.71003989,-0.1170257864,CEMC_0_Tower_1171,-4.631189383
0,EMCAL,0.825,0.83,24.41352928,20.70348939,-3.71003989,-0.1170257864,CEMC_0_Tower_1171,-4.631189383
0,EMCAL,-0.59,-0.585,21.64968977,18.12142933,-3.528260446,-0.152843498,CEMC_0_Tower_872,-3.8512507
1.5707963267949,EMCAL,-0.59,-0.585,21.64968977,18.12142933,-3.528260446,-0.152843498,CEMC_0_Tower_872,-3.8512507
1.5707963267949,EMCAL,-0.745,-0.74,18.82995012,22.3447552,3.514805079,0.1726199481,CEMC_0_Tower_851,4.008616122
0,EMCAL,-0.745,-0.74,18.82995012,22.3447552,3.514805079,0.1726199481,CEMC_0_Tower_851,4.008616122
1.5707963267949,EMCAL,0.995,1,23.87815966,27.28885577,3.41069611,0.1313627123,CEMC_0_Tower_1222,5.930423484
0,EMCAL,0.995,1,23.87815966,27.28885577,3.41069611,0.1313627123,CEMC_0_Tower_1222,5.930423484
0,EMCAL,0.905,0.91,21.98693908,25.36720445,3.380265376,0.1515938663,CEMC_0_Tower_1202,5.851548318
1.5707963267949,EMCAL,0.905,0.91,21.98693908,25.36720445,3.380265376,0.1515938663,CEMC_0_Tower_1202,5.851548318
1.5707963267949,EMCAL,0.69,0.695,21.81939869,18.60233007,-3.217068612,-0.1496192309,CEMC_0_Tower_1141,-2.810908524
0,EMCAL,0.69,0.695,21.81939869,18.60233007,-3.217068612,-0.1496192309,CEMC_0_Tower_1141,-2.810908524
1.5707963267949,EMCAL,-0.955,-0.95,22.26380546,19.0560667,-3.207738764,-0.1481325792,CEMC_0_Tower_792,-2.660730659
0,EMCAL,-0.955,-0.95,22.26380546,19.0560667,-3.207738764,-0.1481325792,CEMC_0_Tower_792,-2.660730659
1.5707963267949,EMCAL,-0.97,-0.965,22.44618345,25.64883426,3.202650803,0.1005948936,CEMC_0_Tower_801,4.772130391
0,EMCAL,-0.97,-0.965,22.44618345,25.64883426,3.202650803,0.1005948936,CEMC_0_Tower_801,4.772130391
1.5707963267949,EMCAL,0.9,0.905,18.79921257,21.98693908,3.187726505,0.1387531119,CEMC_0_Tower_1202,1.948191721
0,EMCAL,0.9,0.905,18.79921257,21.98693908,3.187726505,0.1387531119,CEMC_0_Tower_1202,1.948191721
0,EMCAL,-0.73,-0.725,21.56887208,18.3813362,-3.18753588,-0.1475064354,CEMC_0_Tower_842,-2.901877268
1.5707963267949,EMCAL,-0.73,-0.725,21.56887208,18.3813362,-3.18753588,-0.1475064354,CEMC_0_Tower_842,-2.901877268
0,EMCAL,0.72,0.725,18.46078784,21.5882068,3.127418958,0.1455241884,CEMC_0_Tower_1162,3.285139713
1.5707963267949,EMCAL,0.72,0.725,18.46078784,21.5882068,3.127418958,0.1455241884,CEMC_0_Tower_1162,3.285139713
1.5707963267949,EMCAL,0.95,0.955,22.66204732,25.7851173,3.123069981,0.137689511,CEMC_0_Tower_1212,5.594527649
0,EMCAL,0.95,0.955,22.66204732,25.7851173,3.123069981,0.137689511,CEMC_0_Tower_1212,5.594527649
0,EMCAL,-1.06,-1.055,21.75573684,24.84164124,3.085904398,0.1560550948,CEMC_0_Tower_781,4.359198548
1.5707963267949,EMCAL,-1.06,-1.055,21.75573684,24.84164124,3.085904398,0.1560550948,CEMC_0_Tower_781,4.359198548
0,EMCAL,0.58,0.585,18.44393784,21.46415003,3.020212193,0.1386862267,CEMC_0_Tower_1132,3.512912901
1.5707963267949,EMCAL,0.58,0.585,18.44393784,21.46415003,3.020212193,0.1386862267,CEMC_0_Tower_1132,3.512912901
1.5707963267949,EMCAL,-0.93,-0.925,19.51170011,22.51313706,3.00143695,0.1363680462,CEMC_0_Tower_811,2.576255403
0,EMCAL,-0.93,-0.925,19.51170011,22.51313706,3.00143695,0.1363680462,CEMC_0_Tower_811,2.576255403
1.5707963267949,EMCAL,0.535,0.54,18.78075386,21.7408556,2.960101735,0.1089306856,CEMC_0_Tower_1122,5.702179305
0,EMCAL,0.535,0.54,18.78075386,21.7408556,2.960101735,0.1089306856,CEMC_0_Tower_1122,5.702179305
1.5707963267949,EMCAL,0.63,0.635,18.90902316,21.8136181,2.904594943,0.1138935027,CEMC_0_Tower_1142,5.801356675
0,EMCAL,0.63,0.635,18.90902316,21.8136181,2.904594943,0.1138935027,CEMC_0_Tower_1142,5.801356675
1.5707963267949,EMCAL,0.595,0.6,21.38504438,18.51552082,-2.869523564,-0.1444896626,CEMC_0_Tower_1121,-3.28044335
0,EMCAL,0.595,0.6,21.38504438,18.51552082,-2.869523564,-0.1444896626,CEMC_0_Tower_1121,-3.28044335
1.5707963267949,EMCAL,-0.975,-0.97,19.60008354,22.44618345,2.846099915,0.1297850299,CEMC_0_Tower_801,2.183616376
0,EMCAL,-0.975,-0.97,19.60008354,22.44618345,2.846099915,0.1297850299,CEMC_0_Tower_801,2.183616376
0,EMCAL,1.075,1.08,20.42087614,23.26483447,2.843958328,0.1360281234,CEMC_0_Tower_1242,1.943264355
1.5707963267949,EMCAL,1.075,1.08,20.42087614,23.26483447,2.843958328,0.1360281234,CEMC_0_Tower_1242,1.943264355
0,OHCAL,1.025,1.03,49.57361794,47.12395533,-2.449662612,-0.2650931461,av_13_impr_23_OuterHCalSector_Steel_pv_0,-1.285794521
0,OHCAL,-1.035,-1.03,47.12427301,49.57390735,2.449634339,0.2650865865,av_13_impr_23_OuterHCalSector_Steel_pv_0,1.285794896
0,OHCAL,-1.04,-1.035,44.71070497,47.12427301,2.41356804,0.2573782846,av_13_impr_23_OuterHCalSector_Steel_pv_0,1.282846749
0,OHCAL,1.03,1.035,47.12395533,44.71041704,-2.413538289,-0.2573715712,av_13_impr_23_OuterHCalSector_Steel_pv_0,-1.28284638
1.5707963267949,OHCAL,-1.08,-1.075,4.913402328,7.246156267,2.332753938,0.2444407298,av_14_impr_1_OuterHCalChimneySector_Steel_pv_0,2.333341568
0,OHCAL,0.93,0.935,45.98846948,48.00200549,2.013536013,0.2119553037,av_15_impr_1_RingSupport_steel_2_pv_1,1.088282421
0,OHCAL,-0.94,-0.935,48.01677191,46.00333269,-2.013439226,-0.2119724933,av_15_impr_1_RingSupport_steel_1_pv_0,-1.088282902
1.5707963267949,OHCAL,-0.025,-0.02,35.17710078,37.18066386,2.003563074,0.2101790138,av_14_impr_1_OuterHCalChimneySector_Steel_pv_0,2.003598045
1.5707963267949,OHCAL,0.015,0.02,37.18066429,35.17710152,-2.003562774,-0.2101789823,av_14_impr_1_OuterHCalChimneySector_Steel_pv_0,-2.003597745
0,OHCAL,-0.935,-0.93,46.00333269,44.11539846,-1.887934229,-0.1988005646,av_13_impr_23_OuterHCalSector_Steel_pv_0,-1.322425595
0,OHCAL,0.925,0.93,44.10059054,45.98846948,1.887878947,0.1987676075,av_13_impr_23_OuterHCalSector_Steel_pv_0,1.322272228
0,OHCAL,-1.045,-1.04,43.00539742,44.71070497,1.705307547,0.199316992,av_13_impr_23_OuterHCalSector_Steel_pv_0,1.280031111
0,OHCAL,1.035,1.04,44.71041704,43.00522494,-1.7051921,-0.1993084555,av_13_impr_23_OuterHCalSector_Steel_pv_0,-1.280030746
1.5707963267949,OHCAL,-1.07,-1.065,8.61607988,10.12383052,1.507750644,0.1578922497,av_14_impr_1_OuterHCalChimneySector_Steel_pv_0,1.508330877
0,OHCAL,-1.05,-1.045,41.50840061,43.00539742,1.496996813,0.1838474005,av_13_impr_23_OuterHCalSector_Steel_pv_0,1.277345903
0,OHCAL,1.04,1.045,43.00522494,41.50822856,-1.49699638,-0.1838473462,av_13_impr_23_OuterHCalSector_Steel_pv_0,-1.277345542
0,OHCAL,-1.055,-1.05,40.0142557,41.50840061,1.494144906,0.1835090857,av_13_impr_23_OuterHCalSector_Steel_pv_0,1.274789101
0,OHCAL,1.045,1.05,41.50822856,40.01408408,-1.494144479,-0.183509032,av_13_impr_23_OuterHCalSector_Steel_pv_0,-1.274788745
0,OHCAL,1.02,1.025,51.06220387,49.57361794,-1.488585927,-0.1516447499,av_13_impr_23_OuterHCalSector_Steel_pv_0,-0.8385134232
0,OHCAL,-1.03,-1.025,49.57390735,51.06217292,1.488265578,0.1516075295,av_13_impr_23_OuterHCalSector_Steel_pv_0,0.8383669485
1.5707963267949,OHCAL,-0.345,-0.34,38.78294288,37.3456128,-1.437330083,-0.1510927056,av_14_impr_1_OuterHCalChimneySector_Steel_pv_0,-1.43672409
1.5707963267949,OHCAL,0.335,0.34,37.34595765,38.78294328,1.436985634,0.1510565691,av_14_impr_1_OuterHCalChimneySector_Steel_pv_0,1.436379641
1.5707963267949,OHCAL,-1.045,-1.04,14.51399396,15.92310082,1.409106861,0.1475524511,av_14_impr_1_OuterHCalChimneySector_Steel_pv_0,1.409668854
1.5707963267949,OHCAL,1.06,1.065,36.08111137,34.67594062,-1.405170753,-0.1468695829,av_14_impr_1_OuterHCalChimneySector_Steel_pv_0,-1.406276954
1.5707963267949,OHCAL,-1.035,-1.03,17.30765867,18.69451051,1.386851832,0.1452212172,av_14_impr_1_OuterHCalChimneySector_Steel_pv_0,1.38740663
1.5707963267949,OHCAL,-1.065,-1.06,10.12383052,11.5103291,1.386498581,0.1451733645,av_14_impr_1_OuterHCalChimneySector_Steel_pv_0,1.387075137
1.5707963267949,OHCAL,-0.38,-0.375,37.34340917,38.72973715,1.386327975,0.1451085505,av_14_impr_1_OuterHCalChimneySector_Steel_pv_0,1.38699912
1.5707963267949,OHCAL,0.37,0.375,38.72942105,37.34309654,-1.386324512,-0.1451081871,av_14_impr_1_OuterHCalChimneySector_Steel_pv_0,-1.386995656
1.5707963267949,OHCAL,-1.04,-1.035,15.92310082,17.30765867,1.384557852,0.1449787714,av_14_impr_1_OuterHCalChimneySector_Steel_pv_0,1.38511624
1.5707963267949,OHCAL,-1.06,-1.055,11.5103291,12.88452731,1.374198209,0.1438847333,av_14_impr_1_OuterHCalChimneySector_Steel_pv_0,1.374771104
1.5707963267949,OHCAL,-1.075,-1.07,7.246156267,8.61607988,1.369923613,0.1434308093,av_14_impr_1_OuterHCalChimneySector_Steel_pv_0,1.370507537
1.5707963267949,OHCAL,-1.085,-1.08,3.543643351,4.913402328,1.369758977,0.143409854,av_14_impr_1_OuterHCalChimneySector_Steel_pv_0,1.370350327
0,OHCAL,-1.07,-1.065,36.05919972,37.42884744,1.369647723,0.1387255808,av_13_impr_23_OuterHCalSector_Steel_pv_0,1.406428957
0,OHCAL,1.06,1.065,37.42854873,36.05908153,-1.369467198,-0.1387031102,av_13_impr_23_OuterHCalSector_Steel_pv_0,-1.406276954
1.5707963267949,OHCAL,-1.09,-1.085,2.174913846,3.543643351,1.368729506,0.1432999982,av_14_impr_1_OuterHCalChimneySector_Steel_pv_0,1.36932459
1.5707963267949,OHCAL,-0.685,-0.68,45.47815386,44.11847653,-1.359677325,-0.1443192812,av_14_impr_1_OuterHCalChimneySector_Steel_pv_0,-1.356302727
1.5707963267949,OHCAL,0.675,0.68,44.12053771,45.47812119,1.357583478,0.1430620415,av_14_impr_1_OuterHCalChimneySector_Steel_pv_0,1.356300761
1.5707963267949,OHCAL,-1.095,-1.09,0.8246253825,2.174913846,1.350288463,0.1413634649,av_14_impr_1_OuterHCalChimneySector_Steel_pv_0,1.350887298
1.5707963267949,OHCAL,0.925,0.93,44.10663021,45.43810481,1.331474605,0.1404061652,av_14_impr_1_OuterHCalChimneySector_Steel_pv_0,1.330024068
1.5707963267949,OHCAL,-0.96,-0.955,21.26453778,22.56514903,1.300611256,0.1359214718,av_14_impr_1_OuterHCalChimneySector_Steel_pv_0,1.301674394
0,OHCAL,-1.06,-1.055,38.71716088,40.0142557,1.297094818,0.1387362106,av_13_impr_23_OuterHCalSector_Steel_pv_0,1.272358353
0,OHCAL,1.05,1.055,40.01408408,38.71701759,-1.297066492,-0.1387296815,av_13_impr_23_OuterHCalSector_Steel_pv_0,-1.272358757
0,OHCAL,1.055,1.06,38.71701759,37.42854873,-1.288468862,-0.1350746818,av_13_impr_23_OuterHCalSector_Steel_pv_0,-1.285974357
0,OHCAL,-1.065,-1.06,37.42884744,38.71716088,1.288313441,0.1350583764,av_13_impr_23_OuterHCalSector_Steel_pv_0,1.285818936
1.5707963267949,OHCAL,1.055,1.06,37.36598654,36.08111137,-1.284875165,-0.1342526958,av_14_impr_1_OuterHCalChimneySector_Steel_pv_0,-1.285974357
1.5707963267949,OHCAL,1.025,1.03,45.03270174,43.74796493,-1.284736813,-0.1342587568,av_14_impr_1_OuterHCalChimneySector_Steel_pv_0,-1.285794521
1.5707963267949,OHCAL,1.03,1.035,43.74796493,42.4661831,-1.281781825,-0.1339453492,av_14_impr_1_OuterHCalChimneySector_Steel_pv_0,-1.28284638
1.5707963267949,OHCAL,1.035,1.04,42.4661831,41.18722379,-1.278959317,-0.1336458271,av_14_impr_1_OuterHCalChimneySector_Steel_pv_0,-1.280030746
1.5707963267949,OHCAL,1.04,1.045,41.18722379,39.91095657,-1.276267214,-0.1333599726,av_14_impr_1_OuterHCalChimneySector_Steel_pv_0,-1.277345542
1.5707963267949,OHCAL,1.045,1.05,39.91095657,38.63725308,-1.273703489,-0.1330875731,av_14_impr_1_OuterHCalChimneySector_Steel_pv_0,-1.274788745
1.5707963267949,OHCAL,1.05,1.055,38.63725308,37.36598654,-1.271266547,-0.1328284611,av_14_impr_1_OuterHCalChimneySector_Steel_pv_0,-1.272358757
0,OHCAL,1.07,1.075,35.01046753,33.744316,-1.266151528,-0.1326999323,av_13_impr_23_OuterHCalSector_Steel_pv_0,-1.263863395
0,OHCAL,-1.08,-1.075,33.74446536,35.01061526,1.266149904,0.132699762,av_13_impr_23_OuterHCalSector_Steel_pv_0,1.263861771
0,OHCAL,-1.085,-1.08,32.48018944,33.74446536,1.264275923,0.1324943489,av_13_impr_23_OuterHCalSector_Steel_pv_0,1.262037634
0,OHCAL,1.075,1.08,33.744316,32.4800404,-1.264275606,-0.1324943157,av_13_impr_23_OuterHCalSector_Steel_pv_0,-1.262037317
1.5707963267949,OHCAL,1.07,1.075,33.56557411,32.30283101,-1.262743093,-0.1319203211,av_14_impr_1_OuterHCalChimneySector_Steel_pv_0,-1.263863395
0,OHCAL,-1.09,-1.085,31.21767332,32.48018944,1.262516121,0.1323009792,av_13_impr_23_OuterHCalSector_Steel_pv_0,1.260327069
0,OHCAL,1.08,1.085,32.4800404,31.21752459,-1.262515809,-0.1323009463,av_13_impr_23_OuterHCalSector_Steel_pv_0,-1.260326757
1.5707963267949,OHCAL,1.075,1.08,32.30283101,31.04192109,-1.260909922,-0.1317244829,av_14_impr_1_OuterHCalChimneySector_Steel_pv_0,-1.262037317
1.5707963267949,OHCAL,1.08,1.085,31.04192109,29.78272885,-1.259192241,-0.1315407469,av_14_impr_1_OuterHCalChimneySector_Steel_pv_0,-1.260326757
0,OHCAL,1.085,1.09,31.21752459,29.96207915,-1.255445435,-0.1375933505,av_13_impr_23_OuterHCalSector_Steel_pv_0,-1.241121836
1.5707963267949,OHCAL,1.085,1.09,29.78272885,28.53056549,-1.252163362,-0.1368426421,av_14_impr_1_OuterHCalChimneySector_Steel_pv_0,-1.241121836
1.5707963267949,MAGNET,-1.035,-1.03,4.750479495,3.505312219,-1.245167276,-0.1302954503,BusbarD,-1.130838772
1.5707963267949,MAGNET,-1.03,-1.025,3.505312219,2.261038192,-1.244274027,-0.1298929914,BusbarD,-1.132288962
0,OHCAL,-1.095,-1.09,29.97426971,31.21767332,1.243403609,0.1302871774,av_13_impr_23_OuterHCalSector_Steel_pv_0,1.241263201
1.5707963267949,OHCAL,-0.935,-0.93,20.92243741,19.68020097,-1.242236445,-0.1308343235,av_14_impr_1_OuterHCalChimneySector_Steel_pv_0,-1.241208797
1.5707963267949,MAGNET,-1.025,-1.02,2.261038192,1.023250815,-1.237787377,-0.1281963011,BusbarD,-1.133847858
1.5707963267949,OHCAL,0.95,0.955,47.44923903,46.24127542,-1.207963611,-0.1259757403,av_14_impr_1_OuterHCalChimneySector_Steel_pv_0,-1.209482292
1.5707963267949,MAGNET,-1.065,-1.06,3.623195782,4.752935951,1.12974017,0.1038930477,BusbarD,1.130844371
1.5707963267949,MAGNET,-1.07,-1.065,2.494590651,3.623195782,1.128605131,0.1037839333,BusbarD,1.129742871
1.5707963267949,MAGNET,-1.075,-1.07,1.367020077,2.494590651,1.127570574,0.1036841003,BusbarD,1.12874165
1.5707963267949,OHCAL,0.705,0.71,44.88146085,43.76941014,-1.112050711,-0.1159978751,av_14_impr_1_OuterHCalChimneySector_Steel_pv_0,-1.113399069
1.5707963267949,OHCAL,-0.715,-0.71,43.76944163,44.88149154,1.112049919,0.1159977921,av_14_impr_1_OuterHCalChimneySector_Steel_pv_0,1.113398278
1.5707963267949,OHCAL,1.065,1.07,34.67594062,33.56557411,-1.110366514,-0.1159378037,av_14_impr_1_OuterHCalChimneySector_Steel_pv_0,-1.111479751
0,OHCAL,1.065,1.07,36.05908153,35.01046753,-1.048614001,-0.101813154,av_13_impr_23_OuterHCalSector_Steel_pv_0,-1.111479751
0,OHCAL,-1.075,-1.07,35.01061526,36.05919972,1.048584454,0.1018065239,av_13_impr_23_OuterHCalSector_Steel_pv_0,1.111478715
0,OHCAL,-0.885,-0.88,43.44383863,42.39701177,-1.046826856,-0.1105031193,av_13_impr_23_OuterHCalSector_Steel_pv_0,-1.045457543
1.5707963267949,OHCAL,0.875,0.88,42.39717037,43.44383845,1.046668079,0.1104864619,av_14_impr_1_OuterHCalChimneySector_Steel_pv_0,1.045298767
0,OHCAL,0.875,0.88,42.39717037,43.44383845,1.046668079,0.1104864619,av_13_impr_23_OuterHCalSector_Steel_pv_0,1.045298767
1.5707963267949,OHCAL,-1.055,-1.05,12.88452731,13.91327627,1.028748953,0.10764502,av_14_impr_1_OuterHCalChimneySector_Steel_pv_0,1.029318199
0,OHCAL,-0.025,-0.02,35.17711912,36.18771449,1.010595371,0.1060055047,av_13_impr_23_OuterHCalSector_Steel_pv_0,1.010630343
0,OHCAL,0.015,0.02,36.18771458,35.17711939,-1.010595194,-0.1060054861,av_13_impr_23_OuterHCalSector_Steel_pv_0,-1.010630166
0,OHCAL,-0.96,-0.955,48.33290951,49.3313752,0.9984656916,0.07969683396,av_13_impr_23_OuterHCalSector_Steel_pv_0,1.207231353
0,OHCAL,0.95,0.955,49.32740744,48.32904805,-0.9983593974,-0.07969653376,av_13_impr_23_OuterHCalSector_Steel_pv_0,-1.207080405
1.5707963267949,OHCAL,-1.03,-1.025,18.69451051,19.63328694,0.9387764329,0.09821482948,av_14_impr_1_OuterHCalChimneySector_Steel_pv_0,0.9393276526
1.5707963267949,OHCAL,0.93,0.935,45.43810481,46.3716862,0.9335813879,0.09866761282,av_14_impr_1_OuterHCalChimneySector_Steel_pv_0,0.9321209056
1.5707963267949,OHCAL,-0.775,-0.77,18.29386834,17.37311472,-0.9207536239,-0.09700158482,av_14_impr_1_OuterHCalChimneySector_Steel_pv_0,-0.91993881
1.5707963267949,OHCAL,-1.01,-1.005,19.56564647,20.47039184,0.9047453693,0.09435447066,av_14_impr_1_OuterHCalChimneySector_Steel_pv_0,0.9058815025
1.5707963267949,OHCAL,-0.68,-0.675,44.11847653,43.2240326,-0.8944439271,-0.09446506275,av_14_impr_1_OuterHCalChimneySector_Steel_pv_0,-0.8931781812
1.5707963267949,OHCAL,0.67,0.675,43.22628098,44.12053771,0.8942567248,0.09444847043,av_14_impr_1_OuterHCalChimneySector_Steel_pv_0,0.8929848351
0,OHCAL,-0.68,-0.675,44.11079484,43.22290157,-0.8878932712,-0.0937757477,av_13_impr_23_OuterHCalSector_Steel_pv_0,-0.8866317136
0,OHCAL,0.67,0.675,43.22659981,44.11431277,0.887712959,0.09376195562,av_13_impr_23_OuterHCalSector_Steel_pv_0,0.8864410694
1.5707963267949,OHCAL,0.935,0.94,46.3716862,47.23764886,0.8659626621,0.09396938674,av_14_impr_1_OuterHCalChimneySector_Steel_pv_0,0.8596720471
1.5707963267949,OHCAL,-0.97,-0.965,19.93632902,20.80009286,0.8637638445,0.09008411941,av_14_impr_1_OuterHCalChimneySector_Steel_pv_0,0.864841363
1.5707963267949,OHCAL,-0.94,-0.935,21.76586198,20.92243741,-0.8434245717,-0.08899795559,av_14_impr_1_OuterHCalChimneySector_Steel_pv_0,-0.8423898776
1.5707963267949,OHCAL,1.02,1.025,45.87016428,45.03270174,-0.8374625354,-0.0873380243,av_14_impr_1_OuterHCalChimneySector_Steel_pv_0,-0.8385134232
1.5707963267949,OHCAL,1,1.005,46.29597457,45.48387767,-0.8120969001,-0.0874686043,av_14_impr_1_OuterHCalChimneySector_Steel_pv_0,-0.807519306
0,OHCAL,0.33,0.335,36.53787181,37.34624213,0.8083703186,0.08510314841,av_13_impr_23_OuterHCalSector_Steel_pv_0,0.8077735705
1.5707963267949,OHCAL,0.33,0.335,36.53786013,37.34595765,0.8080975191,0.08507452867,av_14_impr_1_OuterHCalChimneySector_Steel_pv_0,0.807500771
0,OHCAL,-0.34,-0.335,37.34590427,36.5378773,-0.8080269657,-0.08506712683,av_13_impr_23_OuterHCalSector_Steel_pv_0,-0.8074302176
1.5707963267949,OHCAL,-0.34,-0.335,37.3456128,36.53785855,-0.8077542532,-0.0850385162,av_14_impr_1_OuterHCalChimneySector_Steel_pv_0,-0.8071575051
0,OHCAL,0.91,0.915,44.38465077,43.60186719,-0.7827835769,-0.0814095734,av_13_impr_23_OuterHCalSector_Steel_pv_0,-0.7842215856
1.5707963267949,OHCAL,0.91,0.915,44.38465077,43.60186719,-0.7827835769,-0.0814095734,av_14_impr_1_OuterHCalChimneySector_Steel_pv_0,-0.7842215856
0,OHCAL,-0.92,-0.915,43.60577107,44.38838678,0.7826157144,0.08138524663,av_13_impr_23_OuterHCalSector_Steel_pv_0,0.7840672638
1.5707963267949,OHCAL,-0.945,-0.94,22.53653728,21.76586198,-0.770675294,-0.08136924357,av_14_impr_1_OuterHCalChimneySector_Steel_pv_0,-0.7696335282
1.5707963267949,OHCAL,0.96,0.965,45.86980158,45.09993564,-0.7698659391,-0.08000416515,av_14_impr_1_OuterHCalChimneySector_Steel_pv_0,-0.7714051626
1.5707963267949,OHCAL,-0.71,-0.705,44.88149154,45.64770221,0.7662106627,0.07972082164,av_14_impr_1_OuterHCalChimneySector_Steel_pv_0,0.7675479983
1.5707963267949,OHCAL,0.7,0.705,45.64748757,44.88146085,-0.76602672,-0.07970152397,av_14_impr_1_OuterHCalChimneySector_Steel_pv_0,-0.7673640555
0,OHCAL,-0.71,-0.705,43.63596781,44.39931345,0.7633456429,0.07942024875,av_13_impr_23_OuterHCalSector_Steel_pv_0,0.7646829785
0,OHCAL,0.7,0.705,44.39912889,43.63596781,-0.7631610748,-0.07940088548,av_13_impr_23_OuterHCalSector_Steel_pv_0,-0.7644984104
1.5707963267949,OHCAL,0.48,0.485,38.71432794,39.43097223,0.7166442957,0.0756213587,av_14_impr_1_OuterHCalChimneySector_Steel_pv_0,0.7157626591
0,OHCAL,0.48,0.485,38.71433374,39.43097789,0.716644148,0.0756213432,av_13_impr_23_OuterHCalSector_Steel_pv_0,0.7157625113
1.5707963267949,OHCAL,-0.49,-0.485,39.42718141,38.71054617,-0.7166352385,-0.07561619382,av_14_impr_1_OuterHCalChimneySector_Steel_pv_0,-0.7157620992
0,OHCAL,-0.49,-0.485,39.42719294,38.71055774,-0.7166352005,-0.07561618263,av_13_impr_23_OuterHCalSector_Steel_pv_0,-0.7157620757
1.5707963267949,OHCAL,0.665,0.67,42.60746592,43.22628098,0.6188150594,0.06554617953,av_14_impr_1_OuterHCalChimneySector_Steel_pv_0,0.6175539644
1.5707963267949,OHCAL,-0.675,-0.67,43.2240326,42.6054116,-0.6186210007,-0.06552279914,av_14_impr_1_OuterHCalChimneySector_Steel_pv_0,-0.6173659975
1.5707963267949,OHCAL,-1.05,-1.045,13.91327627,14.51399396,0.600717695,0.06274151664,av_14_impr_1_OuterHCalChimneySector_Steel_pv_0,0.6012833082
1.5707963267949,OHCAL,-0.035,-0.03,34.62298727,35.17947731,0.5564900391,0.05835624092,av_14_impr_1_OuterHCalChimneySector_Steel_pv_0,0.5565421348
1.5707963267949,OHCAL,0.025,0.03,35.1819169,34.62542767,-0.5564892309,-0.05835597477,av_14_impr_1_OuterHCalChimneySector_Steel_pv_0,-0.5565416923
1.5707963267949,OHCAL,-0.54,-0.535,39.72782238,40.24657869,0.5187563108,0.05393696683,av_14_impr_1_OuterHCalChimneySector_Steel_pv_0,0.5197369982
1.5707963267949,OHCAL,0.53,0.535,40.24636211,39.72783531,-0.5185268024,-0.0539128888,av_14_impr_1_OuterHCalChimneySector_Steel_pv_0,-0.5195074897
1.5707963267949,MAGNET,-1.04,-1.035,5.126775646,4.750479495,-0.3762961514,-0.05014358195,BusbarD,-0.2629395716
1.5707963267949,MAGNET,-1.06,-1.055,4.752935951,5.012435675,0.2594997237,0.02375248028,BusbarD,0.2605701805
1.5707963267949,MAGNET,-1.08,-1.075,1.152267999,1.367020077,0.214752078,0.02781373559,BusbarD,0.1559378909
1.5707963267949,MAGNET,-1.015,-1.01,0.9480944727,1.142484099,0.1943896265,0.04446273157,CONNECTOR,0.1936095042
1.5707963267949,MAGNET,-0.95,-0.945,2.510504488,2.699807667,0.1893031795,0.04329930876,CRYOSTAT,0.1956741674
0,MAGNET,-0.95,-0.945,2.510504488,2.699807667,0.1893031795,0.04329930876,CRYOSTAT,0.1956741674
1.5707963267949,MAGNET,0.94,0.945,2.699777137,2.510474052,-0.1893030853,-0.0432992872,CRYOSTAT,-0.1956740731
0,MAGNET,0.94,0.945,2.699777137,2.510474052,-0.1893030853,-0.0432992872,CRYOSTAT,-0.1956740731
1.5707963267949,MAGNET,-0.96,-0.955,2.319319457,2.503376062,0.1840566053,0.04209926005,COILSUP,0.1776353141
0,MAGNET,-0.96,-0.955,2.319319457,2.503376062,0.1840566053,0.04209926005,COILSUP,0.1776353141
1.5707963267949,MAGNET,0.975,0.98,2.369078759,2.192940603,-0.1761381561,-0.04028807348,COIL,-0.1730273994
0,MAGNET,0.975,0.98,2.369078759,2.192940603,-0.1761381561,-0.04028807348,COIL,-0.1730273994
0,MAGNET,-0.965,-0.96,2.143575685,2.319319457,0.1757437712,0.04019786584,COILSUP,0.1772021442
1.5707963267949,MAGNET,-0.965,-0.96,2.143575685,2.319319457,0.1757437712,0.04019786584,COILSUP,0.1772021442
0,MAGNET,0.98,0.985,2.192940603,2.017216084,-0.1757245189,-0.04019346227,COIL,-0.1726738683
1.5707963267949,MAGNET,0.98,0.985,2.192940603,2.017216084,-0.1757245189,-0.04019346227,COIL,-0.1726738683
1.5707963267949,MAGNET,0.985,0.99,2.017216084,1.841885973,-0.1753301109,-0.04010324934,COIL,-0.1723387339
0,MAGNET,0.985,0.99,2.017216084,1.841885973,-0.1753301109,-0.04010324934,COIL,-0.1723387339
1.5707963267949,MAGNET,0.99,0.995,1.841885973,1.666931361,-0.1749546117,-0.04001736142,COIL,-0.1720216933
0,MAGNET,0.99,0.995,1.841885973,1.666931361,-0.1749546117,-0.04001736142,COIL,-0.1720216933
0,MAGNET,-0.975,-0.97,1.796107319,1.97092885,0.174821531,0.03998692186,COIL,0.1726894935
0,MAGNET,-0.98,-0.975,1.621709694,1.796107319,0.1743976247,0.0398899618,COIL,0.1723128186
0,MAGNET,1,1.005,1.493070603,1.318809495,-0.1742611084,-0.03985873644,COILSUP,-0.1734509633
1.5707963267949,MAGNET,1,1.005,1.493070603,1.318809495,-0.1742611084,-0.03985873644,COILSUP,-0.1734509633
0,MAGNET,-0.985,-0.98,1.447716549,1.621709694,0.1739931449,0.03979744514,COIL,0.1719549367
1.5707963267949,MAGNET,1.005,1.01,1.318809495,1.144869024,-0.1739404704,-0.03978539691,COILSUP,-0.1731603481
0,MAGNET,1.005,1.01,1.318809495,1.144869024,-0.1739404704,-0.03978539691,COILSUP,-0.1731603481
1.5707963267949,MAGNET,0.995,1,1.666931361,1.493070603,-0.1738607578,-0.03976716426,COILSUP,-0.1698457387
0,MAGNET,0.995,1,1.666931361,1.493070603,-0.1738607578,-0.03976716426,COILSUP,-0.1698457387
0,MAGNET,1.01,1.015,1.144869024,0.9712314825,-0.1736375419,-0.03971610809,COILSUP,-0.1728871004
1.5707963267949,MAGNET,1.01,1.015,1.144869024,0.9712314825,-0.1736375419,-0.03971610809,COILSUP,-0.1728871004
0,MAGNET,-0.995,-0.99,1.101608674,1.274851923,0.1732432485,0.03962592139,COILSUP,0.1723409065
1.5707963267949,MAGNET,-0.985,-0.98,1.706177676,1.879199461,0.1730217843,0.03957526588,COIL,0.1719549367
0,MAGNET,-1,-0.995,0.9287135899,1.101608674,0.1728950846,0.03954628586,COILSUP,0.1720238374
0,MAGNET,-0.99,-0.985,1.274851923,1.447716549,0.172864626,0.03953931907,COIL,0.1476116755
0,MAGNET,-0.97,-0.965,1.97092885,2.143575685,0.1726468359,0.03948950395,COILSUP,0.148187947
1.5707963267949,MAGNET,-0.97,-0.965,1.97092885,2.143575685,0.1726468359,0.03948950395,COILSUP,0.148187947
1.5707963267949,MAGNET,-0.995,-0.99,1.362031932,1.534290873,0.1722589405,0.03940078064,COILSUP,0.1723409065
1.5707963267949,MAGNET,-1,-0.995,1.190127666,1.362031932,0.1719042659,0.03931965595,COILSUP,0.1720238374
1.5707963267949,MAGNET,-0.99,-0.985,1.534290873,1.706177676,0.1718868039,0.03931566187,COIL,0.1476116755
0,MAGNET,-1.085,-1.08,0.984545077,1.152267999,0.167722922,0.03836325733,CRYOSTAT,0.167722922
0,MAGNET,1.075,1.08,1.152239623,0.9845167675,-0.1677228558,-0.03836324217,CRYOSTAT,-0.1677228558
1.5707963267949,MAGNET,1.075,1.08,1.152239623,0.9845167675,-0.1677228558,-0.03836324217,CRYOSTAT,-0.1677228558
0,MAGNET,-1.09,-1.085,0.8169635522,0.984545077,0.1675815247,0.03833091552,CRYOSTAT,0.1675815247
0,MAGNET,1.08,1.085,0.9845167675,0.8169353082,-0.1675814593,-0.03833090056,CRYOSTAT,-0.1675814593
1.5707963267949,MAGNET,1.08,1.085,0.9845167675,0.8169353082,-0.1675814593,-0.03833090056,CRYOSTAT,-0.1675814593
0,MAGNET,-1.095,-1.09,0.6495090142,0.8169635522,0.167454538,0.03830186986,CRYOSTAT,0.167454538
1.5707963267949,MAGNET,1.085,1.09,0.8169353082,0.6494808348,-0.1674544734,-0.03830185508,CRYOSTAT,-0.1674544734
0,MAGNET,1.085,1.09,0.8169353082,0.6494808348,-0.1674544734,-0.03830185508,CRYOSTAT,-0.1674544734
0,MAGNET,-1.1,-1.095,0.4821672508,0.6495090142,0.1673417634,0.03827607491,CRYOSTAT,0.1673417634
0,MAGNET,1.09,1.095,0.6494808348,0.4821391352,-0.1673416996,-0.03827606032,CRYOSTAT,-0.1673416996
1.5707963267949,MAGNET,1.09,1.095,0.6494808348,0.4821391352,-0.1673416996,-0.03827606032,CRYOSTAT,-0.1673416996
1.5707963267949,MAGNET,1.095,1.1,0.4821391352,0.3148961912,-0.1672429441,-0.03825347198,CRYOSTAT,-0.1672429441
0,MAGNET,1.095,1.1,0.4821391352,0.3148961912,-0.1672429441,-0.03825347198,CRYOSTAT,-0.1672429441
1.5707963267949,IHCAL,1.095,1.1,1.956431005,1.789856387,-0.1665746187,-0.1027496838,av_7_impr_500_InnerHCalTile12_EJ200_pv_23,-0.04920655339
0,IHCAL,1.095,1.1,1.956431005,1.789856387,-0.1665746187,-0.1027496838,av_7_impr_372_InnerHCalTile12_EJ200_pv_23,-0.04920655339
1.5707963267949,MAGNET,-1.1,-1.095,0.7648042839,0.9310195938,0.1662153099,0.03801842125,CRYOSTAT,0.1673417634
1.5707963267949,IHCAL,-0.815,-0.81,1.750375893,1.591435665,-0.158940228,-0.03654964811,av_8_impr_31_InnerHCalSectorNoEndPlate_Aluminum_pv_0,-0.154041826
0,IHCAL,-0.815,-0.81,1.750375893,1.591435665,-0.158940228,-0.03654964811,av_8_impr_23_InnerHCalSectorNoEndPlate_Aluminum_pv_0,-0.154041826
1.5707963267949,MAGNET,0.97,0.975,2.522953443,2.369078759,-0.1538746842,-0.03519575044,COILSUP,-0.1529862519
0,MAGNET,0.97,0.975,2.522953443,2.369078759,-0.1538746842,-0.03519575044,COILSUP,-0.1529862519
1.5707963267949,IHCAL,-0.82,-0.815,1.602149748,1.750375893,0.1482261444,0.03370704363,av_8_impr_31_InnerHCalSectorNoEndPlate_Aluminum_pv_0,0.1531614637
0,IHCAL,-0.82,-0.815,1.602149748,1.750375893,0.1482261444,0.03370704363,av_8_impr_23_InnerHCalSectorNoEndPlate_Aluminum_pv_0,0.1531614637
0,MAGNET,-1.055,-1.05,1.206598711,1.352696853,0.1460981419,0.03341702221,THERM,0.1471346418
1.5707963267949,MAGNET,1.045,1.05,1.352668062,1.206598711,-0.1460693505,-0.03341043677,THERM,-0.1471058504
0,MAGNET,1.045,1.05,1.352668062,1.206598711,-0.1460693505,-0.03341043677,THERM,-0.1471058504
1.5707963267949,IHCAL,0.245,0.25,1.205059717,1.350504867,0.1454451496,0.03535137212,av_8_impr_31_InnerHCalSectorNoEndPlate_Aluminum_pv_0,0.1386275835
0,IHCAL,0.245,0.25,1.205059717,1.350504867,0.1454451496,0.03535137212,av_8_impr_23_InnerHCalSectorNoEndPlate_Aluminum_pv_0,0.1386275835
0,IHCAL,-0.255,-0.25,1.350391935,1.205116845,-0.1452750895,-0.0352866679,av_8_impr_23_InnerHCalSectorNoEndPlate_Aluminum_pv_0,-0.1385259078
1.5707963267949,IHCAL,-0.255,-0.25,1.350391935,1.205116845,-0.1452750895,-0.0352866679,av_8_impr_31_InnerHCalSectorNoEndPlate_Aluminum_pv_0,-0.1385259078
1.5707963267949,IHCAL,0.805,0.81,1.591796652,1.734525013,0.1427283612,0.03284150846,av_8_impr_31_InnerHCalSectorNoEndPlate_Aluminum_pv_0,0.1378299411
0,IHCAL,0.805,0.81,1.591796652,1.734525013,0.1427283612,0.03284150846,av_8_impr_23_InnerHCalSectorNoEndPlate_Aluminum_pv_0,0.1378299411
0,TPC,-0.01,-0.005,0.2452384611,0.1059704834,-0.1392679777,-0.01808144347,,0
1.5707963267949,TPC,-0.01,-0.005,0.2452384611,0.1059704834,-0.1392679777,-0.01808144347,,0
0,TPC,0,0.005,0.1059704834,0.2452070804,0.139236597,0.018063492,,0
1.5707963267949,TPC,0,0.005,0.1059704834,0.2452070804,0.139236597,0.018063492,,0
1.5707963267949,MAGNET,-1.055,-1.05,5.012435675,5.143685731,0.131250056,0.03204958118,THERM,0.1471346418
1.5707963267949,IHCAL,0.825,0.83,1.703024044,1.825406232,0.1223821881,0.03048839191,av_8_impr_31_InnerHCalSectorNoEndPlate_Aluminum_pv_0,0.1111706331
0,IHCAL,0.825,0.83,1.703024044,1.825406232,0.1223821881,0.03048839191,av_8_impr_23_InnerHCalSectorNoEndPlate_Aluminum_pv_0,0.1111706331
1.5707963267949,MAGNET,-1.095,-1.09,0.9310195938,1.04587665,0.1148570561,0.0262712499,CRYOSTAT,0.167454538
1.5707963267949,MAGNET,1.025,1.03,1.137533783,1.251862454,0.1143286704,0.02615039225,CRYOSTAT,0.1141734397
0,MAGNET,1.025,1.03,1.137533783,1.251862454,0.1143286704,0.02615039225,CRYOSTAT,0.1141734397
0,MAGNET,-1.035,-1.03,1.251842405,1.1375139,-0.1143285045,-0.0261503543,CRYOSTAT,-0.1141732738
0,MAGNET,-1.04,-1.035,1.365198984,1.251842405,-0.1133565798,-0.02592804601,CRYOSTAT,-0.1131967134
1.5707963267949,MAGNET,1.03,1.035,1.251862454,1.365198984,0.1133365307,0.02592346018,CRYOSTAT,0.1131766643
0,MAGNET,1.03,1.035,1.251862454,1.365198984,0.1133365307,0.02592346018,CRYOSTAT,0.1131766643
1.5707963267949,MAGNET,1.02,1.025,1.025548554,1.137533783,0.1119852288,0.02561437696,CRYOSTAT,0.1118346631
0,MAGNET,1.02,1.025,1.025548554,1.137533783,0.1119852288,0.02561437696,CRYOSTAT,0.1118346631
0,MAGNET,-1.03,-1.025,1.1375139,1.025528835,-0.1119850652,-0.02561433954,CRYOSTAT,-0.1118344995
1.5707963267949,MAGNET,-1.085,-1.08,1.041718432,1.152267999,0.110549567,0.02528599809,CRYOSTAT,0.167722922
1.5707963267949,TPC,0.005,0.01,0.2452070804,0.1372608763,-0.1079462041,-0.03418431524,,0
0,TPC,0.005,0.01,0.2452070804,0.1372608763,-0.1079462041,-0.03418431524,,0
0,TPC,-0.015,-0.01,0.1381612442,0.2452384611,0.1070772168,0.03384590534,,0
1.5707963267949,TPC,-0.015,-0.01,0.1381612442,0.2452384611,0.1070772168,0.03384590534,,0
1.5707963267949,IHCAL,0.83,0.835,1.825406232,1.720074174,-0.1053320586,-0.02388998962,av_8_impr_31_InnerHCalSectorNoEndPlate_Aluminum_pv_0,-0.1104149463
0,IHCAL,0.83,0.835,1.825406232,1.720074174,-0.1053320586,-0.02388998962,av_8_impr_23_InnerHCalSectorNoEndPlate_Aluminum_pv_0,-0.1104149463
0,IHCAL,-0.83,-0.825,1.701129387,1.596412448,-0.1047169388,-0.0259762637,av_8_impr_23_InnerHCalSectorNoEndPlate_Aluminum_pv_0,-0.0948052655
1.5707963267949,IHCAL,-0.83,-0.825,1.701129387,1.596412448,-0.1047169388,-0.0259762637,av_8_impr_31_InnerHCalSectorNoEndPlate_Aluminum_pv_0,-0.0948052655
0,MAGNET,-1.025,-1.02,1.025528835,0.9215893159,-0.103939519,-0.02377408207,CRYOSTAT,-0.1037936481
1.5707963267949,MAGNET,0.91,0.915,2.54758803,2.64844847,0.1008604407,0.02306980462,COILSUP,0.09433342281
0,MAGNET,0.91,0.915,2.54758803,2.64844847,0.1008604407,0.02306980462,COILSUP,0.09433342281
1.5707963267949,IHCAL,-0.84,-0.835,1.719118166,1.618521616,-0.10059655,-0.02321205287,av_8_impr_31_InnerHCalSectorNoEndPlate_Aluminum_pv_0,-0.09551364953
0,IHCAL,-0.84,-0.835,1.719118166,1.618521616,-0.10059655,-0.02321205287,av_8_impr_23_InnerHCalSectorNoEndPlate_Aluminum_pv_0,-0.09551364953
1.5707963267949,MAGNET,0.905,0.91,2.448410715,2.54758803,0.09917731504,0.02268482335,COILSUP,0.09269532151
0,MAGNET,0.905,0.91,2.448410715,2.54758803,0.09917731504,0.02268482335,COILSUP,0.09269532151
1.5707963267949,TPC,-0.02,-0.015,0.04149036192,0.1381612442,0.09667088233,0.02112294723,,0
0,TPC,-0.02,-0.015,0.04149036192,0.1381612442,0.09667088233,0.02112294723,,0
0,TPC,0.01,0.015,0.1372608763,0.04149036192,-0.0957705144,-0.02076658586,,0
1.5707963267949,TPC,0.01,0.015,0.1372608763,0.04149036192,-0.0957705144,-0.02076658586,,0
1.5707963267949,MAGNET,0.9,0.905,2.352870286,2.448410715,0.09554042835,0.0218529584,COILSUP,0.08910329714
0,MAGNET,0.9,0.905,2.352870286,2.448410715,0.09554042835,0.0218529584,COILSUP,0.08910329714
1.5707963267949,MAGNET,-0.895,-0.89,2.542981842,2.447568076,-0.09541376573,-0.02182398686,COILSUP,-0.08911026041
0,MAGNET,-0.895,-0.89,2.542981842,2.447568076,-0.09541376573,-0.02182398686,COILSUP,-0.08911026041
1.5707963267949,MAGNET,-0.89,-0.885,2.447568076,2.353711602,-0.09385647426,-0.02146778765,COILSUP,-0.08759719425
0,MAGNET,-0.89,-0.885,2.447568076,2.353711602,-0.09385647426,-0.02146778765,COILSUP,-0.08759719425
1.5707963267949,IHCAL,-0.295,-0.29,1.234999229,1.3287697,0.09377047079,0.02138442257,av_8_impr_31_InnerHCalSectorNoEndPlate_Aluminum_pv_0,0.09537573726
0,IHCAL,-0.295,-0.29,1.234999229,1.3287697,0.09377047079,0.02138442257,av_8_impr_23_InnerHCalSectorNoEndPlate_Aluminum_pv_0,0.09537573726
0,IHCAL,0.285,0.29,1.328446321,1.234984768,-0.09346155223,-0.02131376364,av_8_impr_23_InnerHCalSectorNoEndPlate_Aluminum_pv_0,-0.09505943719
1.5707963267949,IHCAL,0.285,0.29,1.328446321,1.234984768,-0.09346155223,-0.02131376364,av_8_impr_31_InnerHCalSectorNoEndPlate_Aluminum_pv_0,-0.09505943719
1.5707963267949,IHCAL,0.835,0.84,1.720074174,1.628760998,-0.09131317522,-0.02068196556,av_8_impr_31_InnerHCalSectorNoEndPlate_Aluminum_pv_0,-0.09557901879
0,IHCAL,0.835,0.84,1.720074174,1.628760998,-0.09131317522,-0.02068196556,av_8_impr_23_InnerHCalSectorNoEndPlate_Aluminum_pv_0,-0.09557901879
1.5707963267949,MAGNET,-0.9,-0.895,2.633897919,2.542981842,-0.09091607727,-0.02079523076,COILSUP,-0.08456818906
0,MAGNET,-0.9,-0.895,2.633897919,2.542981842,-0.09091607727,-0.02079523076,COILSUP,-0.08456818906
1.5707963267949,IHCAL,-0.845,-0.84,1.628882242,1.719118166,0.09023592367,0.02043556586,av_8_impr_31_InnerHCalSectorNoEndPlate_Aluminum_pv_0,0.09459980501
0,IHCAL,-0.845,-0.84,1.628882242,1.719118166,0.09023592367,0.02043556586,av_8_impr_23_InnerHCalSectorNoEndPlate_Aluminum_pv_0,0.09459980501
1.5707963267949,MAGNET,-0.98,-0.975,1.879199461,1.964120853,0.08492139263,0.01942406678,COIL,0.1723128186
0,IHCAL,-0.835,-0.83,1.618521616,1.701129387,0.08260777106,0.01636694634,av_8_impr_23_InnerHCalSectorNoEndPlate_Aluminum_pv_0,0.09390533742
1.5707963267949,IHCAL,-0.835,-0.83,1.618521616,1.701129387,0.08260777106,0.01636694634,av_8_impr_31_InnerHCalSectorNoEndPlate_Aluminum_pv_0,0.09390533742
0,TPC,1.095,1.1,0.07163012665,0.1524075898,0.08077746315,0.01659385043,,0
1.5707963267949,TPC,1.095,1.1,0.07163012665,0.1524075898,0.08077746315,0.01659385043,,0
1.5707963267949,MAGNET,-1.02,-1.015,1.023250815,0.9480944727,-0.07515634236,-0.003300037184,BusbarD,-0.1016614992
1.5707963267949,MAGNET,1.07,1.075,1.211082186,1.152239623,-0.05884256276,-0.01345905705,CRYOSTAT,-0.05884256276
0,MAGNET,1.07,1.075,1.211082186,1.152239623,-0.05884256276,-0.01345905705,CRYOSTAT,-0.05884256276
0,MAGNET,-1.08,-1.075,1.152267999,1.211082186,0.05881418707,0.01345256668,CRYOSTAT,0.05881418707
1.5707963267949,IHCAL,0.255,0.26,1.393097649,1.337465893,-0.05563175596,-0.01266770086,av_8_impr_31_InnerHCalSectorNoEndPlate_Aluminum_pv_0,-0.05506388468
0,IHCAL,0.255,0.26,1.393097649,1.337465893,-0.05563175596,-0.01266770086,av_8_impr_23_InnerHCalSectorNoEndPlate_Aluminum_pv_0,-0.05506388468
1.5707963267949,IHCAL,-0.265,-0.26,1.337771615,1.39333077,0.055559155,0.01265109484,av_8_impr_31_InnerHCalSectorNoEndPlate_Aluminum_pv_0,0.05507247267
0,IHCAL,-0.265,-0.26,1.337771615,1.39333077,0.055559155,0.01265109484,av_8_impr_23_InnerHCalSectorNoEndPlate_Aluminum_pv_0,0.05507247267
0,MAGNET,1.015,1.02,0.9712314825,1.025548554,0.05431707195,0.01242394172,CRYOSTAT,0.1038133676
1.5707963267949,MAGNET,1.015,1.02,0.9712314825,1.025548554,0.05431707195,0.01242394172,CRYOSTAT,0.1038133676
